Source,Target
fang_wenxin,PoloChau
AbuSufyanBD,PoloChau
yezhilin0518,PoloChau
r_ricard,PoloChau
Yasho_J,PoloChau
jgmullenb,PoloChau
KapuriaKaran,PoloChau
MauldinGroup,PoloChau
icdm2017,PoloChau
salesforce,PoloChau
maishadewan,AbuSufyanBD
imdahal,AbuSufyanBD
kbd_nkarim,AbuSufyanBD
mirahmad01,AbuSufyanBD
genesshk,r_ricard
PmDartus,r_ricard
Caduceus_2,r_ricard
wefkwefo,r_ricard
binary_people,r_ricard
growlymike,r_ricard
GeorgiaTech,r_ricard
thekamahele,r_ricard
glassesgeek,r_ricard
psunnnnn,r_ricard
SomdutRoy,Yasho_J
BhgwanLal,Yasho_J
JhawarAnkush,Yasho_J
kanoi_adarsh,Yasho_J
aksudupa93,Yasho_J
tejaswi_kalra,Yasho_J
PrateekSinhaKgp,Yasho_J
zapsyou,Yasho_J
CeciliaDurant,Yasho_J
carlyh27,Yasho_J
benlandis,jgmullenb
JoshuaDroid,jgmullenb
binita425,jgmullenb
colortheory,jgmullenb
SNCKPCK,jgmullenb
LobsterCasey,jgmullenb
watersouppress,jgmullenb
PatrickDa13,jgmullenb
CoxPhloppin,jgmullenb
hchanggt,jgmullenb
vimleshsinghR,KapuriaKaran
kush_dani,KapuriaKaran
awesomeBinny,KapuriaKaran
girlrubio888,KapuriaKaran
thegohil,KapuriaKaran
akku_shukla18,KapuriaKaran
SanaChachia,KapuriaKaran
GAURAVPOWALE,KapuriaKaran
rascalsvk,KapuriaKaran
kmvagal,KapuriaKaran
IronPostMedia,MauldinGroup
AKB_Media,MauldinGroup
PhilippaWrites,MauldinGroup
AidenDuarte1,MauldinGroup
claytonwwood,MauldinGroup
lovelylawgirl,MauldinGroup
NadyaKhoja,MauldinGroup
BenjaminCargile,MauldinGroup
rankkolab,MauldinGroup
hytyzuresife,MauldinGroup
icwsm,icdm2017
SanazBahargam,icdm2017
ialuronico,icdm2017
basecamp_ai,icdm2017
alipinar9,icdm2017
MZeeshanAnsari,icdm2017
chathrah,icdm2017
kelkalot,icdm2017
faizanj,icdm2017
entoutsi,icdm2017
nciinc_,salesforce
Etudiant_Droit2,salesforce
SweetBuffalo,salesforce
AnFiBuCH,salesforce
scribagroup,salesforce
JaymieNHT,salesforce
Jordan_gordon,salesforce
AustinBeckHill,salesforce
TechNFinance,salesforce
i27mad,salesforce